sample,distance_to_centroid
TW_201706C.1,0.47690369934562304
LL_201706C.1,0.46744734257002146
TW_201706A.3,0.9280861224760674
