sample,distance_to_centroid
LL20170312D.1,0.3403490168658925
TW20170311C.2,0.3299984728133047
